,time,C position,C speed,C current max,F position,F pos check,F speed,F current,F voltage err,F temp err,F motion,F overload,F backdrive,F parameter,F saturation,F fatal err
0,0.174964,200.00007853981634,50,10,0.0,0,0,0.0,0,0,False,False,False,False,False,False
1,0.334553,206.30446404522777,50,10,0.0,0,0,0.0,0,0,False,False,False,False,False,False
2,0.476061,211.83738872830864,50,10,0.0,0,0,0.0,0,0,False,False,False,False,False,False
3,0.618244,217.37659292446804,50,10,0.0,0,0,0.0,0,0,False,False,False,False,False,False
4,0.759222,222.84965992197712,50,10,0.0,0,0,0.0,0,0,False,False,False,False,False,False
5,0.901223,228.2991014167356,50,10,0.0,0,0,0.0,0,0,False,False,False,False,False,False
6,1.043564,233.8509050597471,50,10,0.0,0,0,0.0,0,0,False,False,False,False,False,False
7,1.160404,238.1160742425983,50,10,0.0,0,0,0.0,0,0,False,False,False,False,False,False
8,1.299501,243.3374249443598,50,10,0.0,0,0,0.0,0,0,False,False,False,False,False,False
9,1.428056,248.07749712577814,50,10,0.0,0,0,0.0,0,0,False,False,False,False,False,False
10,1.551605,252.41954009428525,50,10,0.0,0,0,0.0,0,0,False,False,False,False,False,False
11,1.6912,257.3946024765445,50,10,0.0,0,0,0.0,0,0,False,False,False,False,False,False
12,1.831039,262.23179719819143,50,10,0.0,0,0,0.0,0,0,False,False,False,False,False,False
13,1.960865,266.64070498022517,50,10,0.0,0,0,0.0,0,0,False,False,False,False,False,False
14,2.080556,270.4687967922107,50,10,0.0,0,0,0.0,0,0,False,False,False,False,False,False
15,2.222524,274.9945446072794,50,10,0.0,0,0,0.0,0,0,False,False,False,False,False,False
16,2.371399,279.5932758269961,50,10,0.0,0,0,0.0,0,0,False,False,False,False,False,False
17,2.516254,283.89807053781726,50,10,0.0,0,0,0.0,0,0,False,False,False,False,False,False
18,2.65789,287.9313902665722,50,10,0.0,0,0,0.0,0,0,False,False,False,False,False,False
19,2.798917,291.78442238434144,50,10,0.0,0,0,0.0,0,0,False,False,False,False,False,False
20,2.953879,295.8440524976379,50,10,0.0,0,0,0.0,0,0,False,False,False,False,False,False
21,3.094334,299.25992375637304,50,10,0.0,0,0,0.0,0,0,False,False,False,False,False,False
22,3.234379,302.49925108127206,50,10,0.0,0,0,0.0,0,0,False,False,False,False,False,False
23,3.374348,305.54503053460735,50,10,0.0,0,0,0.0,0,0,False,False,False,False,False,False
24,3.513691,308.4248587081318,50,10,0.0,0,0,0.0,0,0,False,False,False,False,False,False
25,3.64052,310.8192137619795,50,10,0.0,0,0,0.0,0,0,False,False,False,False,False,False
26,3.769781,313.02903335956074,50,10,0.0,0,0,0.0,0,0,False,False,False,False,False,False
27,3.907351,315.2696672265482,50,10,0.0,0,0,0.0,0,0,False,False,False,False,False,False
28,4.042064,317.17664364042685,50,10,0.0,0,0,0.0,0,0,False,False,False,False,False,False
29,4.185631,319.02049366377156,50,10,0.0,0,0,0.0,0,0,False,False,False,False,False,False
30,4.326224,320.59097765842,50,10,0.0,0,0,0.0,0,0,False,False,False,False,False,False
31,4.465876,321.9428069113526,50,10,0.0,0,0,0.0,0,0,False,False,False,False,False,False
32,4.591122,322.92387075764873,50,10,0.0,0,0,0.0,0,0,False,False,False,False,False,False
33,4.717869,323.72731948510244,50,10,0.0,0,0,0.0,0,0,False,False,False,False,False,False
34,4.852002,324.3603394746566,50,10,0.0,0,0,0.0,0,0,False,False,False,False,False,False
35,4.98904,324.7960644099594,50,10,0.0,0,0,0.0,0,0,False,False,False,False,False,False
36,5.110081,324.9746469517264,50,10,0.0,0,0,0.0,0,0,False,False,False,False,False,False
37,5.250415,324.9641254254884,50,10,0.0,0,0,0.0,0,0,False,False,False,False,False,False
38,5.390102,324.7118998814952,50,10,0.0,0,0,0.0,0,0,False,False,False,False,False,False
39,5.530141,324.2172320325877,50,10,0.0,0,0,0.0,0,0,False,False,False,False,False,False
40,5.670589,323.4706907008174,50,10,0.0,0,0,0.0,0,0,False,False,False,False,False,False
41,5.807812,322.5317022899778,50,10,0.0,0,0,0.0,0,0,False,False,False,False,False,False
42,5.950316,321.2701389960616,50,10,0.0,0,0,0.0,0,0,False,False,False,False,False,False
43,6.069738,320.08463865779885,50,10,0.0,0,0,0.0,0,0,False,False,False,False,False,False
44,6.212515,318.4091248980884,50,10,0.0,0,0,0.0,0,0,False,False,False,False,False,False
45,6.354573,316.50393753190764,50,10,0.0,0,0,0.0,0,0,False,False,False,False,False,False
46,6.495801,314.3828261949811,50,10,0.0,0,0,0.0,0,0,False,False,False,False,False,False
47,6.634633,312.02020034529954,50,10,0.0,0,0,0.0,0,0,False,False,False,False,False,False
48,6.75763,309.83253947387414,50,10,0.0,0,0,0.0,0,0,False,False,False,False,False,False
49,6.900106,307.0724896688768,50,10,0.0,0,0,0.0,0,0,False,False,False,False,False,False
50,7.041346,304.10525888561875,50,10,0.0,0,0,0.0,0,0,False,False,False,False,False,False
51,7.189606,300.77574940395937,50,10,0.0,0,0,0.0,0,0,False,False,False,False,False,False
52,7.330973,297.38462239228954,50,10,0.0,0,0,0.0,0,0,False,False,False,False,False,False
53,7.470797,293.7704017960031,50,10,0.0,0,0,0.0,0,0,False,False,False,False,False,False
54,7.588009,290.6953285156505,50,10,0.0,0,0,0.0,0,0,False,False,False,False,False,False
55,7.72268,286.9447573827686,50,10,0.0,0,0,0.0,0,0,False,False,False,False,False,False
56,7.844465,283.4696345181649,50,10,0.0,0,0,0.0,0,0,False,False,False,False,False,False
57,7.976006,279.6274569213246,50,10,0.0,0,0,0.0,0,0,False,False,False,False,False,False
58,8.116128,275.3078132933837,50,10,0.0,0,0,0.0,0,0,False,False,False,False,False,False
59,8.261629,270.67426107423904,50,10,0.0,0,0,0.0,0,0,False,False,False,False,False,False
60,8.402998,266.0133056203862,50,10,0.0,0,0,0.0,0,0,False,False,False,False,False,False
61,8.551157,260.95005289296046,50,10,0.0,0,0,0.0,0,0,False,False,False,False,False,False
62,8.687232,256.2937542789091,50,10,0.0,0,0,0.0,0,0,False,False,False,False,False,False
63,8.826282,251.2657218068047,50,10,0.0,0,0,0.0,0,0,False,False,False,False,False,False
64,8.94799,246.97043819539698,50,10,0.0,0,0,0.0,0,0,False,False,False,False,False,False
65,9.08682,241.74394610380523,50,10,0.0,0,0,0.0,0,0,False,False,False,False,False,False
66,9.204164,237.50330254887317,50,10,0.0,0,0,0.0,0,0,False,False,False,False,False,False
67,9.342985,232.14631329106896,50,10,0.0,0,0,0.0,0,0,False,False,False,False,False,False
68,9.465587,227.5962057132624,50,10,0.0,0,0,0.0,0,0,False,False,False,False,False,False
69,9.605593,222.2090737342057,50,10,0.0,0,0,0.0,0,0,False,False,False,False,False,False
70,9.74791,216.69375914250668,50,10,0.0,0,0,0.0,0,0,False,False,False,False,False,False
71,9.88665,211.1757638260557,50,10,0.0,0,0,0.0,0,0,False,False,False,False,False,False
72,10.023942,205.8843052516894,50,10,0.0,0,0,0.0,0,0,False,False,False,False,False,False
73,10.164426,200.38162437475296,50,10,0.0,0,0,0.0,0,0,False,False,False,False,False,False
74,10.303762,194.83810361053128,50,10,0.0,0,0,0.0,0,0,False,False,False,False,False,False
75,10.436165,189.59308592521765,50,10,0.0,0,0,0.0,0,0,False,False,False,False,False,False
76,10.558287,184.954176237374,50,10,0.0,0,0,0.0,0,0,False,False,False,False,False,False
77,10.699495,179.4655654836542,50,10,0.0,0,0,0.0,0,0,False,False,False,False,False,False
78,10.840221,173.9912441248114,50,10,0.0,0,0,0.0,0,0,False,False,False,False,False,False
79,10.97319,168.94187367286904,50,10,0.0,0,0,0.0,0,0,False,False,False,False,False,False
80,11.114773,163.6021078485557,50,10,0.0,0,0,0.0,0,0,False,False,False,False,False,False
81,11.256941,158.29762482330335,50,10,0.0,0,0,0.0,0,0,False,False,False,False,False,False
82,11.396242,153.10297396655636,50,10,0.0,0,0,0.0,0,0,False,False,False,False,False,False
83,11.527814,148.42920857967906,50,10,0.0,0,0,0.0,0,0,False,False,False,False,False,False
84,11.667363,143.4878109726805,50,10,0.0,0,0,0.0,0,0,False,False,False,False,False,False
85,11.807044,138.59688091543848,50,10,0.0,0,0,0.0,0,0,False,False,False,False,False,False
86,11.944841,133.90701330844513,50,10,0.0,0,0,0.0,0,0,False,False,False,False,False,False
87,12.06894,129.90840163653837,50,10,0.0,0,0,0.0,0,0,False,False,False,False,False,False
88,12.210855,125.36872258573342,50,10,0.0,0,0,0.0,0,0,False,False,False,False,False,False
89,12.351137,121.0215916473939,50,10,0.0,0,0,0.0,0,0,False,False,False,False,False,False
90,12.492252,116.80480365828446,50,10,0.0,0,0,0.0,0,0,False,False,False,False,False,False
91,12.631248,112.7339616784527,50,10,0.0,0,0,0.0,0,0,False,False,False,False,False,False
92,12.752805,109.45435834244408,50,10,0.0,0,0,0.0,0,0,False,False,False,False,False,False
93,12.894931,105.70019573693507,50,10,0.0,0,0,0.0,0,0,False,False,False,False,False,False
94,13.035484,102.16542756827853,50,10,0.0,0,0,0.0,0,0,False,False,False,False,False,False
95,13.177101,98.792632893057,50,10,0.0,0,0,0.0,0,0,False,False,False,False,False,False
96,13.316827,95.64616686618538,50,10,0.0,0,0,0.0,0,0,False,False,False,False,False,False
97,13.449094,92.9128218263679,50,10,0.0,0,0,0.0,0,0,False,False,False,False,False,False
98,13.591441,90.1392738149143,50,10,0.0,0,0,0.0,0,0,False,False,False,False,False,False
99,13.731002,87.58461050474196,50,10,0.0,0,0,0.0,0,0,False,False,False,False,False,False
100,13.855748,85.56865170699277,50,10,0.0,0,0,0.0,0,0,False,False,False,False,False,False
101,13.996391,83.43638152764436,50,10,0.0,0,0,0.0,0,0,False,False,False,False,False,False
102,14.134679,81.59025854092775,50,10,0.0,0,0,0.0,0,0,False,False,False,False,False,False
103,14.271989,79.9515622572585,50,10,0.0,0,0,0.0,0,0,False,False,False,False,False,False
104,14.389679,78.77601783026294,50,10,0.0,0,0,0.0,0,0,False,False,False,False,False,False
105,14.529987,77.55132182122948,50,10,0.0,0,0,0.0,0,0,False,False,False,False,False,False
106,14.669226,76.56065685853662,50,10,0.0,0,0,0.0,0,0,False,False,False,False,False,False
107,14.811486,75.81195033043709,50,10,0.0,0,0,0.0,0,0,False,False,False,False,False,False
108,14.950803,75.30184175087362,50,10,0.0,0,0,0.0,0,0,False,False,False,False,False,False
109,15.083057,75.05153126708358,50,10,0.0,0,0,0.0,0,0,False,False,False,False,False,False
110,15.222843,75.01564441737015,50,10,0.0,0,0,0.0,0,0,False,False,False,False,False,False
111,15.362438,75.21891922606268,50,10,0.0,0,0,0.0,0,0,False,False,False,False,False,False
112,15.50386,75.66943867700306,50,10,0.0,0,0,0.0,0,0,False,False,False,False,False,False
113,15.642805,76.37037602391935,50,10,0.0,0,0,0.0,0,0,False,False,False,False,False,False
114,15.761981,77.12531641966878,50,10,0.0,0,0,0.0,0,0,False,False,False,False,False,False
115,15.901776,78.2512884801276,50,10,0.0,0,0,0.0,0,0,False,False,False,False,False,False
116,16.039145,79.61157061638062,50,10,0.0,0,0,0.0,0,0,False,False,False,False,False,False
117,16.16348,81.00106597574052,50,10,0.0,0,0,0.0,0,0,False,False,False,False,False,False
118,16.302403,82.80162846889908,50,10,0.0,0,0,0.0,0,0,False,False,False,False,False,False
119,16.440338,84.7556706254841,50,10,0.0,0,0,0.0,0,0,False,False,False,False,False,False
120,16.57751,87.00593925170354,50,10,0.0,0,0,0.0,0,0,False,False,False,False,False,False
121,16.703886,89.16028236358494,50,10,0.0,0,0,0.0,0,0,False,False,False,False,False,False
122,16.843971,91.82992346325896,50,10,0.0,0,0,0.0,0,0,False,False,False,False,False,False
123,16.980519,94.59209632850136,50,10,0.0,0,0,0.0,0,0,False,False,False,False,False,False
124,17.120447,97.70753632314856,50,10,0.0,0,0,0.0,0,0,False,False,False,False,False,False
125,17.250296,100.68684933118674,50,10,0.0,0,0,0.0,0,0,False,False,False,False,False,False
126,17.388974,104.13666535493752,50,10,0.0,0,0,0.0,0,0,False,False,False,False,False,False
127,17.509098,107.14846925798636,50,10,0.0,0,0,0.0,0,0,False,False,False,False,False,False
128,17.646627,110.93451184176787,50,10,0.0,0,0,0.0,0,0,False,False,False,False,False,False
129,17.772203,114.40659539665016,50,10,0.0,0,0,0.0,0,0,False,False,False,False,False,False
130,17.902564,118.19674101583634,50,10,0.0,0,0,0.0,0,0,False,False,False,False,False,False
131,18.036203,122.32339687694333,50,10,0.0,0,0,0.0,0,0,False,False,False,False,False,False
132,18.154285,125.89441545789587,50,10,0.0,0,0,0.0,0,0,False,False,False,False,False,False
133,18.299209,130.54320736912308,50,10,0.0,0,0,0.0,0,0,False,False,False,False,False,False
134,18.437933,135.22248541104125,50,10,0.0,0,0,0.0,0,0,False,False,False,False,False,False
135,18.562849,139.45781694314238,50,10,0.0,0,0,0.0,0,0,False,False,False,False,False,False
136,18.691625,143.9689120361215,50,10,0.0,0,0,0.0,0,0,False,False,False,False,False,False
137,18.813031,148.2400100383765,50,10,0.0,0,0,0.0,0,0,False,False,False,False,False,False
138,18.930453,152.51900352718803,50,10,0.0,0,0,0.0,0,0,False,False,False,False,False,False
139,19.054022,156.72096270089966,50,10,0.0,0,0,0.0,0,0,False,False,False,False,False,False
140,19.181438,161.77316440207875,50,10,0.0,0,0,0.0,0,0,False,False,False,False,False,False
141,19.299382,166.1247886024309,50,10,0.0,0,0,0.0,0,0,False,False,False,False,False,False
142,19.422455,170.74327096107933,50,10,0.0,0,0,0.0,0,0,False,False,False,False,False,False
143,19.5766,176.79003098279114,50,10,0.0,0,0,0.0,0,0,False,False,False,False,False,False
144,19.695786,181.2862521874657,50,10,0.0,0,0,0.0,0,0,False,False,False,False,False,False
145,19.837572,186.87412469645,50,10,0.0,0,0,0.0,0,0,False,False,False,False,False,False
146,19.977278,192.23525457111765,50,10,0.0,0,0,0.0,0,0,False,False,False,False,False,False
147,20.116039,197.71940881572237,50,10,0.0,0,0,0.0,0,0,False,False,False,False,False,False
148,20.257583,203.27756209663184,50,10,0.0,0,0,0.0,0,0,False,False,False,False,False,False
149,20.396143,208.81693502604685,50,10,0.0,0,0,0.0,0,0,False,False,False,False,False,False
150,20.517103,213.57946330319172,50,10,0.0,0,0,0.0,0,0,False,False,False,False,False,False
151,20.637294,218.24077273042133,50,10,0.0,0,0,0.0,0,0,False,False,False,False,False,False
152,20.758043,222.80379174865865,50,10,0.0,0,0,0.0,0,0,False,False,False,False,False,False
153,20.896093,228.21383454958124,50,10,0.0,0,0,0.0,0,0,False,False,False,False,False,False
154,21.030371,233.21762546410383,50,10,0.0,0,0,0.0,0,0,False,False,False,False,False,False
155,21.175366,238.67249918282943,50,10,0.0,0,0,0.0,0,0,False,False,False,False,False,False
156,21.316901,243.9173622909652,50,10,0.0,0,0,0.0,0,0,False,False,False,False,False,False
157,21.455935,249.07438193211462,50,10,0.0,0,0,0.0,0,0,False,False,False,False,False,False
158,21.578826,253.49230629904514,50,10,0.0,0,0,0.0,0,0,False,False,False,False,False,False
159,21.70464,257.81226409324745,50,10,0.0,0,0,0.0,0,0,False,False,False,False,False,False
160,21.843813,262.684791595487,50,10,0.0,0,0,0.0,0,0,False,False,False,False,False,False
161,21.968083,266.8933139247688,50,10,0.0,0,0,0.0,0,0,False,False,False,False,False,False
162,22.085131,270.61704832777053,50,10,0.0,0,0,0.0,0,0,False,False,False,False,False,False
163,22.225199,275.140366272533,50,10,0.0,0,0,0.0,0,0,False,False,False,False,False,False
164,22.359365,279.22868305489453,50,10,0.0,0,0,0.0,0,0,False,False,False,False,False,False
165,22.499685,283.46688670147074,50,10,0.0,0,0,0.0,0,0,False,False,False,False,False,False
166,22.633485,287.3502357333026,50,10,0.0,0,0,0.0,0,0,False,False,False,False,False,False
167,22.752849,290.5125513842267,50,10,0.0,0,0,0.0,0,0,False,False,False,False,False,False
168,22.889658,294.2416525066602,50,10,0.0,0,0,0.0,0,0,False,False,False,False,False,False
169,23.014184,297.3084532256944,50,10,0.0,0,0,0.0,0,0,False,False,False,False,False,False
170,23.153984,300.6591319122331,50,10,0.0,0,0,0.0,0,0,False,False,False,False,False,False
171,23.292476,303.8276582176298,50,10,0.0,0,0,0.0,0,0,False,False,False,False,False,False
172,23.426077,306.6719810009509,50,10,0.0,0,0,0.0,0,0,False,False,False,False,False,False
173,23.55796,309.22885448467116,50,10,0.0,0,0,0.0,0,0,False,False,False,False,False,False
174,23.700568,311.84034560830236,50,10,0.0,0,0,0.0,0,0,False,False,False,False,False,False
175,23.841529,314.2579589280173,50,10,0.0,0,0,0.0,0,0,False,False,False,False,False,False
176,23.969603,316.1708718513862,50,10,0.0,0,0,0.0,0,0,False,False,False,False,False,False
177,24.111526,318.09643217203165,50,10,0.0,0,0,0.0,0,0,False,False,False,False,False,False
178,24.250825,319.77780781932057,50,10,0.0,0,0,0.0,0,0,False,False,False,False,False,False
179,24.393473,321.25815156955537,50,10,0.0,0,0,0.0,0,0,False,False,False,False,False,False
180,24.533978,322.49002347671035,50,10,0.0,0,0,0.0,0,0,False,False,False,False,False,False
181,24.674105,323.4606739624344,50,10,0.0,0,0,0.0,0,0,False,False,False,False,False,False
182,24.8145,324.2030217725059,50,10,0.0,0,0,0.0,0,0,False,False,False,False,False,False
183,24.956735,324.7076797292318,50,10,0.0,0,0,0.0,0,0,False,False,False,False,False,False
184,25.097945,324.9640538915742,50,10,0.0,0,0,0.0,0,0,False,False,False,False,False,False
185,25.237398,324.9724674293319,50,10,0.0,0,0,0.0,0,0,False,False,False,False,False,False
186,25.357804,324.7920627021641,50,10,0.0,0,0,0.0,0,0,False,False,False,False,False,False
187,25.501533,324.34283519736283,50,10,0.0,0,0,0.0,0,0,False,False,False,False,False,False
188,25.64409,323.64140526110776,50,10,0.0,0,0,0.0,0,0,False,False,False,False,False,False
189,25.786286,322.69661259368036,50,10,0.0,0,0,0.0,0,0,False,False,False,False,False,False
190,25.925635,321.5195674046997,50,10,0.0,0,0,0.0,0,0,False,False,False,False,False,False
191,26.054542,320.2498353167772,50,10,0.0,0,0,0.0,0,0,False,False,False,False,False,False
192,26.195203,318.6242960995944,50,10,0.0,0,0,0.0,0,0,False,False,False,False,False,False
193,26.340203,316.72440719424816,50,10,0.0,0,0,0.0,0,0,False,False,False,False,False,False
194,26.482827,314.6041569786993,50,10,0.0,0,0,0.0,0,0,False,False,False,False,False,False
195,26.621104,312.258681201847,50,10,0.0,0,0,0.0,0,0,False,False,False,False,False,False
196,26.750646,309.98114185004664,50,10,0.0,0,0,0.0,0,0,False,False,False,False,False,False
197,26.893087,307.20464771268655,50,10,0.0,0,0,0.0,0,0,False,False,False,False,False,False
198,27.032644,304.2390462468408,50,10,0.0,0,0,0.0,0,0,False,False,False,False,False,False
199,27.157525,301.4322021483523,50,10,0.0,0,0,0.0,0,0,False,False,False,False,False,False
200,27.277009,298.72755433108296,50,10,0.0,0,0,0.0,0,0,False,False,False,False,False,False
201,27.420026,295.15752409737274,50,10,0.0,0,0,0.0,0,0,False,False,False,False,False,False
202,27.55921,291.4416231115382,50,10,0.0,0,0,0.0,0,0,False,False,False,False,False,False
203,27.681804,288.20722617309275,50,10,0.0,0,0,0.0,0,0,False,False,False,False,False,False
204,27.822741,284.10332533587587,50,10,0.0,0,0,0.0,0,0,False,False,False,False,False,False
205,27.949521,280.3335828048977,50,10,0.0,0,0,0.0,0,0,False,False,False,False,False,False
206,28.073329,276.64031230302953,50,10,0.0,0,0,0.0,0,0,False,False,False,False,False,False
207,28.212488,272.23364171385333,50,10,0.0,0,0,0.0,0,0,False,False,False,False,False,False
208,28.358364,267.5049011021706,50,10,0.0,0,0,0.0,0,0,False,False,False,False,False,False
209,28.498334,262.8139543383373,50,10,0.0,0,0,0.0,0,0,False,False,False,False,False,False
210,28.644315,257.78886544749446,50,10,0.0,0,0,0.0,0,0,False,False,False,False,False,False
211,28.783111,252.791408675926,50,10,0.0,0,0,0.0,0,0,False,False,False,False,False,False
212,28.903822,248.59497394807698,50,10,0.0,0,0,0.0,0,0,False,False,False,False,False,False
213,29.04674,243.35116381938442,50,10,0.0,0,0,0.0,0,0,False,False,False,False,False,False
214,29.192021,238.00464389803065,50,10,0.0,0,0,0.0,0,0,False,False,False,False,False,False
215,29.335041,232.5749726372008,50,10,0.0,0,0,0.0,0,0,False,False,False,False,False,False
216,29.475013,227.20504993311542,50,10,0.0,0,0,0.0,0,0,False,False,False,False,False,False
217,29.617992,221.73504377551876,50,10,0.0,0,0,0.0,0,0,False,False,False,False,False,False
218,29.758239,216.28868858778176,50,10,0.0,0,0,0.0,0,0,False,False,False,False,False,False
219,29.898523,210.69944769335456,50,10,0.0,0,0,0.0,0,0,False,False,False,False,False,False
220,30.025143,205.85021731476346,50,10,0.0,0,0,0.0,0,0,False,False,False,False,False,False
221,30.171327,200.1605353404677,50,10,0.0,0,0,0.0,0,0,False,False,False,False,False,False
222,30.307167,194.6446351410787,50,10,0.0,0,0,0.0,0,0,False,False,False,False,False,False
223,30.427128,190.02627834832637,50,10,0.0,0,0,0.0,0,0,False,False,False,False,False,False
224,30.559159,184.81610284749655,50,10,0.0,0,0,0.0,0,0,False,False,False,False,False,False
225,30.684222,180.10467905970518,50,10,0.0,0,0,0.0,0,0,False,False,False,False,False,False
226,30.809362,175.08231334476622,50,10,0.0,0,0,0.0,0,0,False,False,False,False,False,False
227,30.927486,170.68749433144856,50,10,0.0,0,0,0.0,0,0,False,False,False,False,False,False
228,31.064518,165.37545412063844,50,10,0.0,0,0,0.0,0,0,False,False,False,False,False,False
229,31.189916,160.82986916124028,50,10,0.0,0,0,0.0,0,0,False,False,False,False,False,False
230,31.332982,155.4995933076085,50,10,0.0,0,0,0.0,0,0,False,False,False,False,False,False
231,31.470696,150.36249640137567,50,10,0.0,0,0,0.0,0,0,False,False,False,False,False,False
232,31.593585,145.98493327960384,50,10,0.0,0,0,0.0,0,0,False,False,False,False,False,False
233,31.720125,141.55136108180565,50,10,0.0,0,0,0.0,0,0,False,False,False,False,False,False
234,31.846137,137.3452788386274,50,10,0.0,0,0,0.0,0,0,False,False,False,False,False,False
235,31.989742,132.5732172880313,50,10,0.0,0,0,0.0,0,0,False,False,False,False,False,False
236,32.131699,127.85301365347554,50,10,0.0,0,0,0.0,0,0,False,False,False,False,False,False
237,32.279692,123.21904636600152,50,10,0.0,0,0,0.0,0,0,False,False,False,False,False,False
238,32.424772,118.81747105445268,50,10,0.0,0,0,0.0,0,0,False,False,False,False,False,False
239,32.561507,114.6942995387586,50,10,0.0,0,0,0.0,0,0,False,False,False,False,False,False
240,32.679839,111.45432027903202,50,10,0.0,0,0,0.0,0,0,False,False,False,False,False,False
241,32.817876,107.62766397485169,50,10,0.0,0,0,0.0,0,0,False,False,False,False,False,False
242,32.93989,104.54982549192255,50,10,0.0,0,0,0.0,0,0,False,False,False,False,False,False
243,33.081422,101.03915287533427,50,10,0.0,0,0,0.0,0,0,False,False,False,False,False,False
244,33.219601,97.83354232252054,50,10,0.0,0,0,0.0,0,0,False,False,False,False,False,False
245,33.363883,94.66690357383698,50,10,0.0,0,0,0.0,0,0,False,False,False,False,False,False
246,33.505273,91.7909384724064,50,10,0.0,0,0,0.0,0,0,False,False,False,False,False,False
247,33.646244,89.12691396856789,50,10,0.0,0,0,0.0,0,0,False,False,False,False,False,False
248,33.791917,86.60790509392294,50,10,0.0,0,0,0.0,0,0,False,False,False,False,False,False
249,33.937357,84.3198404755301,50,10,0.0,0,0,0.0,0,0,False,False,False,False,False,False
250,34.080534,82.30637007217265,50,10,0.0,0,0,0.0,0,0,False,False,False,False,False,False
251,34.222516,80.51178313072032,50,10,0.0,0,0,0.0,0,0,False,False,False,False,False,False
252,34.342699,79.20357800865592,50,10,0.0,0,0,0.0,0,0,False,False,False,False,False,False
253,34.45715,78.12643309111256,50,10,0.0,0,0,0.0,0,0,False,False,False,False,False,False
254,34.576191,77.20427358910443,50,10,0.0,0,0,0.0,0,0,False,False,False,False,False,False
255,34.719685,76.27146788550547,50,10,0.0,0,0,0.0,0,0,False,False,False,False,False,False
256,34.863571,75.58605622372328,50,10,0.0,0,0,0.0,0,0,False,False,False,False,False,False
257,34.992973,75.20243379524976,50,10,0.0,0,0,0.0,0,0,False,False,False,False,False,False
258,35.133881,75.0089001816471,50,10,0.0,0,0,0.0,0,0,False,False,False,False,False,False
259,35.258661,75.04480206475596,50,10,0.0,0,0,0.0,0,0,False,False,False,False,False,False
260,35.395455,75.30186084290314,50,10,0.0,0,0,0.0,0,0,False,False,False,False,False,False
261,35.535357,75.80372205146163,50,10,0.0,0,0,0.0,0,0,False,False,False,False,False,False
262,35.674088,76.5538842596683,50,10,0.0,0,0,0.0,0,0,False,False,False,False,False,False
263,35.801004,77.42268464387851,50,10,0.0,0,0,0.0,0,0,False,False,False,False,False,False
264,35.938351,78.60281525892536,50,10,0.0,0,0,0.0,0,0,False,False,False,False,False,False
265,36.070793,79.93627514979292,50,10,0.0,0,0,0.0,0,0,False,False,False,False,False,False
266,36.206549,81.54877454376631,50,10,0.0,0,0,0.0,0,0,False,False,False,False,False,False
267,36.339239,83.31543165419713,50,10,0.0,0,0,0.0,0,0,False,False,False,False,False,False
268,36.474105,85.27990760099627,50,10,0.0,0,0,0.0,0,0,False,False,False,False,False,False
269,36.620337,87.67986262325823,50,10,0.0,0,0,0.0,0,0,False,False,False,False,False,False
270,36.761115,90.2155130695935,50,10,0.0,0,0,0.0,0,0,False,False,False,False,False,False
271,36.900474,92.99283495931515,50,10,0.0,0,0,0.0,0,0,False,False,False,False,False,False
272,37.020439,95.47998949950589,50,10,0.0,0,0,0.0,0,0,False,False,False,False,False,False
273,37.160935,98.56600779949467,50,10,0.0,0,0,0.0,0,0,False,False,False,False,False,False
274,37.301672,101.89517121397692,50,10,0.0,0,0,0.0,0,0,False,False,False,False,False,False
275,37.440935,105.37806431710035,50,10,0.0,0,0,0.0,0,0,False,False,False,False,False,False
276,37.581676,109.07820297840463,50,10,0.0,0,0,0.0,0,0,False,False,False,False,False,False
277,37.720541,113.0021586048389,50,10,0.0,0,0,0.0,0,0,False,False,False,False,False,False
278,37.841206,116.43692463047852,50,10,0.0,0,0,0.0,0,0,False,False,False,False,False,False
279,37.971952,120.25750913612292,50,10,0.0,0,0,0.0,0,0,False,False,False,False,False,False
280,38.110223,124.51246207133163,50,10,0.0,0,0,0.0,0,0,False,False,False,False,False,False
281,38.2508,128.98282295068245,50,10,0.0,0,0,0.0,0,0,False,False,False,False,False,False
282,38.391774,133.61727589220453,50,10,0.0,0,0,0.0,0,0,False,False,False,False,False,False
283,38.530234,138.3489489407414,50,10,0.0,0,0,0.0,0,0,False,False,False,False,False,False
284,38.663573,142.87757268049927,50,10,0.0,0,0,0.0,0,0,False,False,False,False,False,False
285,38.803006,147.86436242431665,50,10,0.0,0,0,0.0,0,0,False,False,False,False,False,False
286,38.94199,152.80867495388932,50,10,0.0,0,0,0.0,0,0,False,False,False,False,False,False
287,39.082223,157.95185261050267,50,10,0.0,0,0,0.0,0,0,False,False,False,False,False,False
288,39.225651,163.2887638810346,50,10,0.0,0,0,0.0,0,0,False,False,False,False,False,False
289,39.367141,168.65480911504932,50,10,0.0,0,0,0.0,0,0,False,False,False,False,False,False
290,39.508629,173.99485471789887,50,10,0.0,0,0,0.0,0,0,False,False,False,False,False,False
291,39.647423,179.5385484667289,50,10,0.0,0,0,0.0,0,0,False,False,False,False,False,False
292,39.765928,184.01197669564132,50,10,0.0,0,0,0.0,0,0,False,False,False,False,False,False
293,39.906656,189.5843982973594,50,10,0.0,0,0,0.0,0,0,False,False,False,False,False,False
294,40.034387,194.51002693416365,50,10,0.0,0,0,0.0,0,0,False,False,False,False,False,False
295,40.175189,200.1161603716476,50,10,0.0,0,0,0.0,0,0,False,False,False,False,False,False
296,40.312956,205.4878545362314,50,10,0.0,0,0,0.0,0,0,False,False,False,False,False,False
297,40.454942,211.0524753187934,50,10,0.0,0,0,0.0,0,0,False,False,False,False,False,False
298,40.594042,216.43686377738499,50,10,0.0,0,0,0.0,0,0,False,False,False,False,False,False
299,40.733822,221.93487039316628,50,10,0.0,0,0,0.0,0,0,False,False,False,False,False,False
300,40.874417,227.27829092353159,50,10,0.0,0,0,0.0,0,0,False,False,False,False,False,False
301,41.020204,232.83100148941375,50,10,0.0,0,0,0.0,0,0,False,False,False,False,False,False
302,41.160821,238.17168341646646,50,10,0.0,0,0,0.0,0,0,False,False,False,False,False,False
303,41.294871,243.20191969862069,50,10,0.0,0,0,0.0,0,0,False,False,False,False,False,False
304,41.424774,247.9350742053913,50,10,0.0,0,0,0.0,0,0,False,False,False,False,False,False
305,41.552437,252.5175225914719,50,10,0.0,0,0,0.0,0,0,False,False,False,False,False,False
306,41.683656,257.1606370265836,50,10,0.0,0,0,0.0,0,0,False,False,False,False,False,False
307,41.811455,261.56603884061764,50,10,0.0,0,0,0.0,0,0,False,False,False,False,False,False
308,41.940935,265.9307848427465,50,10,0.0,0,0,0.0,0,0,False,False,False,False,False,False
309,42.078849,270.4099161901684,50,10,0.0,0,0,0.0,0,0,False,False,False,False,False,False
310,42.219353,274.9467504682023,50,10,0.0,0,0,0.0,0,0,False,False,False,False,False,False
311,42.356932,279.1528446845474,50,10,0.0,0,0,0.0,0,0,False,False,False,False,False,False
312,42.495384,283.2887082457795,50,10,0.0,0,0,0.0,0,0,False,False,False,False,False,False
313,42.635898,287.3632125616657,50,10,0.0,0,0,0.0,0,0,False,False,False,False,False,False
314,42.768626,291.0156853519363,50,10,0.0,0,0,0.0,0,0,False,False,False,False,False,False
315,42.907549,294.6846737081288,50,10,0.0,0,0,0.0,0,0,False,False,False,False,False,False
316,43.033485,297.7809952725259,50,10,0.0,0,0,0.0,0,0,False,False,False,False,False,False
317,43.174369,301.1812708971189,50,10,0.0,0,0,0.0,0,0,False,False,False,False,False,False
318,43.307878,304.1906900150483,50,10,0.0,0,0,0.0,0,0,False,False,False,False,False,False
319,43.430846,306.71766705352854,50,10,0.0,0,0,0.0,0,0,False,False,False,False,False,False
320,43.571394,309.4991885931263,50,10,0.0,0,0,0.0,0,0,False,False,False,False,False,False
321,43.711373,312.0484842097817,50,10,0.0,0,0,0.0,0,0,False,False,False,False,False,False
322,43.851542,314.3836814314913,50,10,0.0,0,0,0.0,0,0,False,False,False,False,False,False
323,43.985855,316.3887086012113,50,10,0.0,0,0,0.0,0,0,False,False,False,False,False,False
324,44.122694,318.24174200169716,50,10,0.0,0,0,0.0,0,0,False,False,False,False,False,False
325,44.262534,319.927345232358,50,10,0.0,0,0,0.0,0,0,False,False,False,False,False,False
326,44.394606,321.2701770816767,50,10,0.0,0,0,0.0,0,0,False,False,False,False,False,False
327,44.53603,322.4962523523356,50,10,0.0,0,0,0.0,0,0,False,False,False,False,False,False
328,44.676121,323.4757143970999,50,10,0.0,0,0,0.0,0,0,False,False,False,False,False,False
329,44.818291,324.2156691679628,50,10,0.0,0,0,0.0,0,0,False,False,False,False,False,False
330,44.954917,324.7130791164898,50,10,0.0,0,0,0.0,0,0,False,False,False,False,False,False
331,45.074694,324.9389757484082,50,10,0.0,0,0,0.0,0,0,False,False,False,False,False,False
332,45.216387,324.9890545749164,50,10,0.0,0,0,0.0,0,0,False,False,False,False,False,False
333,45.358146,324.7884060243637,50,10,0.0,0,0,0.0,0,0,False,False,False,False,False,False
334,45.494191,324.3691726777893,50,10,0.0,0,0,0.0,0,0,False,False,False,False,False,False
335,45.635524,323.689119489129,50,10,0.0,0,0,0.0,0,0,False,False,False,False,False,False
336,45.776119,322.770869894061,50,10,0.0,0,0,0.0,0,0,False,False,False,False,False,False
337,45.918313,321.59423075382796,50,10,0.0,0,0,0.0,0,0,False,False,False,False,False,False
338,46.057955,320.1870009698453,50,10,0.0,0,0,0.0,0,0,False,False,False,False,False,False
339,46.180801,318.7727288406504,50,10,0.0,0,0,0.0,0,0,False,False,False,False,False,False
340,46.306758,317.12345824964945,50,10,0.0,0,0,0.0,0,0,False,False,False,False,False,False
341,46.426539,315.4271653130561,50,10,0.0,0,0,0.0,0,0,False,False,False,False,False,False
342,46.566152,313.23939763834613,50,10,0.0,0,0,0.0,0,0,False,False,False,False,False,False
343,46.706512,310.79573252372427,50,10,0.0,0,0,0.0,0,0,False,False,False,False,False,False
344,46.849196,308.09164547184565,50,10,0.0,0,0,0.0,0,0,False,False,False,False,False,False
345,46.992954,305.1860401757455,50,10,0.0,0,0,0.0,0,0,False,False,False,False,False,False
346,47.134077,302.0031527478072,50,10,0.0,0,0,0.0,0,0,False,False,False,False,False,False
347,47.273373,298.78485077246324,50,10,0.0,0,0,0.0,0,0,False,False,False,False,False,False
348,47.419194,295.1795982334682,50,10,0.0,0,0,0.0,0,0,False,False,False,False,False,False
349,47.562591,291.4349827676733,50,10,0.0,0,0,0.0,0,0,False,False,False,False,False,False
350,47.704214,287.54901139522633,50,10,0.0,0,0,0.0,0,0,False,False,False,False,False,False
351,47.849778,283.37900591909795,50,10,0.0,0,0,0.0,0,0,False,False,False,False,False,False
352,47.993341,279.1042351492538,50,10,0.0,0,0,0.0,0,0,False,False,False,False,False,False
353,48.134416,274.7314494945132,50,10,0.0,0,0,0.0,0,0,False,False,False,False,False,False
354,48.275192,270.2230013872939,50,10,0.0,0,0,0.0,0,0,False,False,False,False,False,False
355,48.413117,265.58589610222754,50,10,0.0,0,0,0.0,0,0,False,False,False,False,False,False
356,48.539106,261.3754791628113,50,10,0.0,0,0,0.0,0,0,False,False,False,False,False,False
357,48.672497,256.76116349822524,50,10,0.0,0,0,0.0,0,0,False,False,False,False,False,False
358,48.818599,251.65384037236836,50,10,0.0,0,0,0.0,0,0,False,False,False,False,False,False
359,48.963723,246.40934392378267,50,10,0.0,0,0,0.0,0,0,False,False,False,False,False,False
360,49.106049,241.16804571415597,50,10,0.0,0,0,0.0,0,0,False,False,False,False,False,False
361,49.245922,235.8541312540565,50,10,0.0,0,0,0.0,0,0,False,False,False,False,False,False
362,49.368839,231.15735816836812,50,10,0.0,0,0,0.0,0,0,False,False,False,False,False,False
363,49.486344,226.80233759442672,50,10,0.0,0,0,0.0,0,0,False,False,False,False,False,False
364,49.630511,221.25399654108946,50,10,0.0,0,0,0.0,0,0,False,False,False,False,False,False
365,49.772478,215.70374365536503,50,10,0.0,0,0,0.0,0,0,False,False,False,False,False,False
366,49.912543,210.17522545853907,50,10,0.0,0,0,0.0,0,0,False,False,False,False,False,False
367,50.044307,205.07675218563307,50,10,0.0,0,0,0.0,0,0,False,False,False,False,False,False
368,50.186313,199.5237749756658,50,10,0.0,0,0,0.0,0,0,False,False,False,False,False,False
369,50.326352,193.9191387662489,50,10,0.0,0,0,0.0,0,0,False,False,False,False,False,False
370,50.451038,189.14014550329208,50,10,0.0,0,0,0.0,0,0,False,False,False,False,False,False
371,50.589523,183.61545815672162,50,10,0.0,0,0,0.0,0,0,False,False,False,False,False,False
372,50.711848,178.98570075120537,50,10,0.0,0,0,0.0,0,0,False,False,False,False,False,False
373,50.854695,173.4358691401702,50,10,0.0,0,0,0.0,0,0,False,False,False,False,False,False
374,50.992164,168.12320510491043,50,10,0.0,0,0,0.0,0,0,False,False,False,False,False,False
375,51.119566,163.44506648809656,50,10,0.0,0,0,0.0,0,0,False,False,False,False,False,False
376,51.260941,158.14698732439265,50,10,0.0,0,0,0.0,0,0,False,False,False,False,False,False
377,51.404783,152.87006371714148,50,10,0.0,0,0,0.0,0,0,False,False,False,False,False,False
378,51.543897,147.73002178039252,50,10,0.0,0,0,0.0,0,0,False,False,False,False,False,False
379,51.658907,143.66038909215035,50,10,0.0,0,0,0.0,0,0,False,False,False,False,False,False
380,51.777714,139.67696094678692,50,10,0.0,0,0,0.0,0,0,False,False,False,False,False,False
381,51.921671,134.70261351459686,50,10,0.0,0,0,0.0,0,0,False,False,False,False,False,False
382,52.053231,130.42199432810924,50,10,0.0,0,0,0.0,0,0,False,False,False,False,False,False
383,52.19312,125.85017963654202,50,10,0.0,0,0,0.0,0,0,False,False,False,False,False,False
384,52.319723,121.98029694971281,50,10,0.0,0,0,0.0,0,0,False,False,False,False,False,False
385,52.459456,117.68928696202256,50,10,0.0,0,0,0.0,0,0,False,False,False,False,False,False
386,52.581519,114.22197778436838,50,10,0.0,0,0,0.0,0,0,False,False,False,False,False,False
387,52.727263,110.15221276109914,50,10,0.0,0,0,0.0,0,0,False,False,False,False,False,False
388,52.873592,106.17630677584975,50,10,0.0,0,0,0.0,0,0,False,False,False,False,False,False
389,52.998239,103.08738360537744,50,10,0.0,0,0,0.0,0,0,False,False,False,False,False,False
390,53.138372,99.706138589663,50,10,0.0,0,0,0.0,0,0,False,False,False,False,False,False
391,53.278314,96.48128746791147,50,10,0.0,0,0,0.0,0,0,False,False,False,False,False,False
392,53.412125,93.66609082741546,50,10,0.0,0,0,0.0,0,0,False,False,False,False,False,False
393,53.557774,90.77603398627787,50,10,0.0,0,0,0.0,0,0,False,False,False,False,False,False
394,53.698886,88.19183911898283,50,10,0.0,0,0,0.0,0,0,False,False,False,False,False,False
395,53.839027,85.80880912191326,50,10,0.0,0,0,0.0,0,0,False,False,False,False,False,False
396,53.966564,83.84965255400438,50,10,0.0,0,0,0.0,0,0,False,False,False,False,False,False
397,54.093737,82.1320786731439,50,10,0.0,0,0,0.0,0,0,False,False,False,False,False,False
398,54.235613,80.39342976951961,50,10,0.0,0,0,0.0,0,0,False,False,False,False,False,False
399,54.376997,78.89972896271296,50,10,0.0,0,0,0.0,0,0,False,False,False,False,False,False
400,54.520777,77.64112225238497,50,10,0.0,0,0,0.0,0,0,False,False,False,False,False,False
401,54.66427,76.60099198566598,50,10,0.0,0,0,0.0,0,0,False,False,False,False,False,False
402,54.808534,75.82375882171145,50,10,0.0,0,0,0.0,0,0,False,False,False,False,False,False
403,54.95015,75.30962335760836,50,10,0.0,0,0,0.0,0,0,False,False,False,False,False,False
404,55.095077,75.03864684889486,50,10,0.0,0,0,0.0,0,0,False,False,False,False,False,False
405,55.237064,75.02430743480221,50,10,0.0,0,0,0.0,0,0,False,False,False,False,False,False
406,55.381727,75.26554204706102,50,10,0.0,0,0,0.0,0,0,False,False,False,False,False,False
407,55.5194,75.74630372005308,50,10,0.0,0,0,0.0,0,0,False,False,False,False,False,False
408,55.645271,76.38320975415213,50,10,0.0,0,0,0.0,0,0,False,False,False,False,False,False
409,55.767534,77.19116500853698,50,10,0.0,0,0,0.0,0,0,False,False,False,False,False,False
410,55.884914,78.10397243598374,50,10,0.0,0,0,0.0,0,0,False,False,False,False,False,False
411,56.026445,79.4536367534932,50,10,0.0,0,0,0.0,0,0,False,False,False,False,False,False
412,56.166733,81.03067435756813,50,10,0.0,0,0,0.0,0,0,False,False,False,False,False,False
413,56.304908,82.84603093906524,50,10,0.0,0,0,0.0,0,0,False,False,False,False,False,False
414,56.428793,84.58319162550181,50,10,0.0,0,0,0.0,0,0,False,False,False,False,False,False
415,56.56826,86.85014573260518,50,10,0.0,0,0,0.0,0,0,False,False,False,False,False,False
416,56.689582,88.9009944896285,50,10,0.0,0,0,0.0,0,0,False,False,False,False,False,False
417,56.835848,91.64812411078923,50,10,0.0,0,0,0.0,0,0,False,False,False,False,False,False
418,56.976519,94.50882352528988,50,10,0.0,0,0,0.0,0,0,False,False,False,False,False,False
419,57.121769,97.67576807589094,50,10,0.0,0,0,0.0,0,0,False,False,False,False,False,False
420,57.263849,100.98038014223941,50,10,0.0,0,0,0.0,0,0,False,False,False,False,False,False
421,57.405131,104.46478346699634,50,10,0.0,0,0,0.0,0,0,False,False,False,False,False,False
422,57.546867,108.20094349458942,50,10,0.0,0,0,0.0,0,0,False,False,False,False,False,False
423,57.675194,111.64003582178123,50,10,0.0,0,0,0.0,0,0,False,False,False,False,False,False
424,57.815517,115.70076367581325,50,10,0.0,0,0,0.0,0,0,False,False,False,False,False,False
425,57.942053,119.38365548497288,50,10,0.0,0,0,0.0,0,0,False,False,False,False,False,False
426,58.079314,123.54549422184546,50,10,0.0,0,0,0.0,0,0,False,False,False,False,False,False
427,58.218643,127.9471014327863,50,10,0.0,0,0,0.0,0,0,False,False,False,False,False,False
428,58.360082,132.5534775620427,50,10,0.0,0,0,0.0,0,0,False,False,False,False,False,False
